Category,Total_Profit,Total_Sales,profit_margin_pct
"Oil & Masala",497895.2899999996,2038442,24.43
"Food Grains",529162.6400000006,2115272,25.02
Bakery,528521.06,2112281,25.02
"Eggs, Meat & Fish",567357.2200000002,2267401,25.02
Beverages,525605.7600000001,2085313,25.21
"Fruits & Veggies",530400.3800000008,2100727,25.25
Snacks,568178.8499999999,2237546,25.39
